subset,mean_len,median_len,std_len,min_len,max_len,A,C,D,E,F,G,H,I,K,L,M,N,P,Q,R,S,T,V,W,Y
Treg,14.406437844895546,14.0,1.7261258277428986,8,24,0.10238102006951687,0.07027547891975036,0.026762989631465693,0.052888566738822675,0.10094630750686844,0.100869570050076,0.011361632425871937,0.0102266020761009,0.008102962429212903,0.04106330327177308,0.0029722404921970406,0.030557111798779426,0.029051646873461644,0.0638248299752324,0.04053640123557993,0.15377908461832948,0.06734235529271493,0.019301714793592273,0.005446008145285595,0.06231017365536845
CD4_Memory,14.340164470365817,14.0,1.704950093994701,8,24,0.10273645671740876,0.07055284096149607,0.02806803988012825,0.0532927473006189,0.10049316042147916,0.0992026788240646,0.01178889982600775,0.010137562784939014,0.008399724655571946,0.041743028194664966,0.002873816276899363,0.029038571669017656,0.03000128709450661,0.06580101310491487,0.04000727442887135,0.15424733370817137,0.06770950850185847,0.019030239425632773,0.004903725851996638,0.059972090371751455
Other,14.373521693291467,14.0,1.7032246648742495,8,24,0.10267888553609901,0.07043323674933212,0.027326821005734647,0.051663637329434096,0.10059718372294152,0.1009186874595006,0.011543239860722906,0.010362864703932531,0.008472510433922411,0.04150049162366164,0.0029244282844357312,0.03019902735651974,0.029472504653632044,0.06354751568103083,0.041811830021991014,0.15317928925948301,0.06868141012774641,0.01924796827776647,0.005155620365677114,0.06028284754643616
