mean_AUC,std_AUC
0.6598901098901099,0.16633384633374895
