metric,ICC,CI_low,CI_high,var_patient,var_resid
Shannon,0.8308530565939861,0.6397782950387373,0.9086359617472274,2.8944439427061672,0.5892574407510982
