metric,ICC
Shannon,0.8308530565939861
invSimpson,0.7475638286860345
Gini,0.715557987475054
Pielou,0.703314508518051
Clonality,0.7033145085180512
Hill1,0.6972546065643371
