pair,C_MH
Treg vs CD4_Memory,0.23126462870144462
Treg vs Other,0.7412682853308629
CD4_Memory vs Other,0.06474655063310986
